{"value_loss":0.007538457168266177,"average_episode_rewards":-111.30688190460205,"agent2/individual_rewards":-1.1830130956001415,"agent0/individual_rewards":-1.1752005956001415,"_step":19987200,"ratio":0.9988701939582825,"_wandb":{"runtime":3404},"policy_loss":-0.009945340737700458,"actor_grad_norm":0.23880302906036377,"agent1/individual_rewards":-1.1908255956001415,"critic_grad_norm":0.06529496610164642,"dist_entropy":0.34882588386535646,"_timestamp":1.765788458629164e+09,"_runtime":3404.737533124}