{"agent1/individual_rewards":-0.02461153425201048,"_timestamp":1.7657839683732877e+09,"_wandb":{"runtime":254},"value_loss":0.07468117922544479,"actor_grad_norm":0.20934651792049408,"_step":2995200,"agent0/individual_rewards":-0.0251192187681077,"critic_grad_norm":0.10171554982662201,"_runtime":254.727241796,"dist_entropy":0.6751538197199504,"policy_loss":-0.028484916586421605,"ratio":1.0006545782089233,"average_episode_rewards":-11.144093424081802}