{"_wandb":{"runtime":8997},"agent0/individual_rewards":-1.1550126907683347,"critic_grad_norm":0.03943783417344093,"average_episode_rewards":-111.38744354248047,"actor_grad_norm":0.24163328111171722,"ratio":1.000120997428894,"dist_entropy":0.3929578483104706,"policy_loss":-0.00993884651549024,"value_loss":0.007175084762275219,"_runtime":8997.186146192,"_timestamp":1.7654536773083153e+09,"agent1/individual_rewards":-1.1784501907683347,"agent2/individual_rewards":-1.1784501907683347,"_step":19987200}