{"average_episode_rewards":-9.195926785469055,"agent1/individual_rewards":-0.003969572324324649,"value_loss":0.0012383991930012901,"dist_entropy":0.4141757865746816,"ratio":1.0015441179275513,"_timestamp":1.765444610268296e+09,"agent0/individual_rewards":-0.002655687322638933,"_wandb":{"runtime":1774},"critic_grad_norm":0.04802592098712921,"policy_loss":-0.014808269264176489,"_runtime":1774.012359578,"_step":2995200,"actor_grad_norm":0.24033112823963165}