{"agent0/critic_grad_norm":0.04009060934185982,"agent1/policy_loss":-2.0810763165475995e-06,"agent1/actor_grad_norm":7.470137643394992e-05,"agent1/critic_grad_norm":0.02735406905412674,"_wandb":{"runtime":2156},"agent0/value_loss":0.0003020463113595421,"agent0/average_episode_rewards":-10.043719410896301,"agent0/dist_entropy":0.30327054063479103,"agent0/individual_rewards":-0.002137389323515931,"agent1/value_loss":0.00034450262998385973,"_runtime":2156.171584886,"agent1/ratio":1.0000196695327759,"agent1/average_episode_rewards":-10.043719410896301,"_step":1987200,"_timestamp":1.765442726292821e+09,"agent0/policy_loss":-0.004379407696736355,"agent1/dist_entropy":0.0012202459232260783,"agent0/ratio":1.0153632164001465,"agent1/individual_rewards":-0.002137389323515931,"agent0/actor_grad_norm":1.1955984830856323}