{"agent0/average_episode_rewards":-11.484473943710327,"_step":1987200,"_runtime":267.221335518,"agent1/ratio":1.000130534172058,"_wandb":{"runtime":267},"agent1/dist_entropy":0.2705037375291189,"_timestamp":1.7656809625010595e+09,"agent1/value_loss":0.12812961240609486,"agent1/critic_grad_norm":0.2136261761188507,"agent1/policy_loss":-0.0003067712820969367,"agent0/dist_entropy":0.6484646717707316,"agent1/actor_grad_norm":0.036013346165418625,"agent0/ratio":0.9950461387634277,"agent0/actor_grad_norm":0.1294029802083969,"agent0/value_loss":0.050799408555030824,"agent0/policy_loss":-0.0069648201412443695,"agent1/average_episode_rewards":-11.484473943710327,"agent1/individual_rewards":-0.008996249816585533,"agent0/critic_grad_norm":0.07676180452108383,"agent0/individual_rewards":-0.008996249816585533}