{"_timestamp":1.7655216721240368e+09,"critic_grad_norm":0.04947597160935402,"policy_loss":-0.008070399276291326,"average_episode_rewards":-9.340818226337433,"actor_grad_norm":0.24188318848609924,"_step":2995200,"value_loss":0.003440729668363929,"agent0/individual_rewards":-0.00539344123632585,"_runtime":1675.042916558,"dist_entropy":0.39599406719207764,"_wandb":{"runtime":1675},"ratio":0.9995177388191223,"agent1/individual_rewards":-0.017100382270039613}