{"critic_grad_norm":0.10184319317340851,"dist_entropy":0.21996069252490996,"actor_grad_norm":0.14394085109233856,"value_loss":0.08622386977076531,"_runtime":2925.178022528,"agent0/individual_rewards":-1.5141866251044211,"average_episode_rewards":-131.94438219070435,"_step":19987200,"ratio":1.0002479553222656,"agent1/individual_rewards":-1.5063741251044211,"agent2/individual_rewards":-1.5219991251044211,"_timestamp":1.7655268846106274e+09,"_wandb":{"runtime":2925},"policy_loss":-0.0042928630729050675}