{"agent1/individual_rewards":-0.002998186227834542,"agent0/dist_entropy":7.160604291129857e-05,"_wandb":{"runtime":1857},"_runtime":1857.210911147,"agent1/policy_loss":-0.006998187103929609,"_timestamp":1.765514657466826e+09,"agent0/critic_grad_norm":0.023979347199201584,"agent1/actor_grad_norm":0.27118900418281555,"agent0/actor_grad_norm":5.260868420009501e-06,"_step":1987200,"agent1/value_loss":0.00043803182197734716,"agent0/average_episode_rewards":-10.050561279058456,"agent0/value_loss":0.0004646002780646086,"agent1/average_episode_rewards":-10.050561279058456,"agent1/critic_grad_norm":0.02303212136030197,"agent0/policy_loss":3.0795732852695323e-09,"agent1/dist_entropy":0.6140840848286947,"agent0/ratio":1,"agent1/ratio":0.9913724064826965,"agent0/individual_rewards":-0.002998186227834542}